team_name,shot_distance,shot_attempted_flag,shot_made_flag,accuracy,shot_type
"Atlanta Hawks",36,3,2,0.67,3s
"Atlanta Hawks",24,358,128,0.36,3s
"Atlanta Hawks",25,728,256,0.35,3s
"Atlanta Hawks",3,303,139,0.46,2s
"Atlanta Hawks",4,236,98,0.42,2s
"Atlanta Hawks",2,493,286,0.58,2s
"Atlanta Hawks",18,134,63,0.47,2s
"Atlanta Hawks",17,127,51,0.40,2s
"Atlanta Hawks",10,208,103,0.50,2s
"Atlanta Hawks",0,708,561,0.79,2s
"Atlanta Hawks",6,192,87,0.45,2s
"Atlanta Hawks",1,720,493,0.68,2s
"Atlanta Hawks",27,142,46,0.32,3s
"Atlanta Hawks",13,138,65,0.47,2s
"Atlanta Hawks",11,222,113,0.51,2s
"Atlanta Hawks",23,402,155,0.39,"2s or3s"
"Atlanta Hawks",26,456,154,0.34,3s
"Atlanta Hawks",22,273,95,0.35,"2s or3s"
"Atlanta Hawks",15,138,62,0.45,2s
"Atlanta Hawks",7,173,86,0.50,2s
"Atlanta Hawks",12,198,100,0.51,2s
"Atlanta Hawks",5,199,76,0.38,2s
"Atlanta Hawks",19,95,47,0.49,2s
"Atlanta Hawks",8,152,68,0.45,2s
"Atlanta Hawks",16,172,87,0.51,2s
"Atlanta Hawks",9,168,73,0.43,2s
"Atlanta Hawks",20,67,24,0.36,2s
"Atlanta Hawks",30,34,13,0.38,3s
"Atlanta Hawks",32,13,5,0.38,3s
"Atlanta Hawks",21,62,20,0.32,"2s or3s"
"Atlanta Hawks",14,124,59,0.48,2s
"Atlanta Hawks",33,7,3,0.43,3s
"Atlanta Hawks",37,2,1,0.50,3s
"Atlanta Hawks",29,32,14,0.44,3s
"Atlanta Hawks",28,51,18,0.35,3s
"Atlanta Hawks",34,3,1,0.33,3s
"Atlanta Hawks",35,5,2,0.40,3s
"Atlanta Hawks",48,1,0,0.00,3s
"Atlanta Hawks",31,23,4,0.17,3s
"Atlanta Hawks",42,1,0,0.00,3s
"Atlanta Hawks",45,1,0,0.00,3s
"Atlanta Hawks",54,1,0,0.00,3s
"Atlanta Hawks",53,2,0,0.00,3s
"Atlanta Hawks",47,2,0,0.00,3s
"Atlanta Hawks",41,1,0,0.00,3s
"Atlanta Hawks",43,2,0,0.00,3s
"Atlanta Hawks",51,1,0,0.00,3s
"Atlanta Hawks",40,1,0,0.00,3s
"Boston Celtics",13,80,37,0.46,2s
"Boston Celtics",23,479,194,0.41,"2s or3s"
"Boston Celtics",1,551,430,0.78,2s
"Boston Celtics",2,593,404,0.68,2s
"Boston Celtics",0,412,304,0.74,2s
"Boston Celtics",29,50,18,0.36,3s
"Boston Celtics",5,206,99,0.48,2s
"Boston Celtics",25,895,351,0.39,3s
"Boston Celtics",22,201,83,0.41,"2s or3s"
"Boston Celtics",24,438,161,0.37,3s
"Boston Celtics",6,154,62,0.40,2s
"Boston Celtics",26,892,317,0.36,3s
"Boston Celtics",11,83,36,0.43,2s
"Boston Celtics",10,80,36,0.45,2s
"Boston Celtics",21,30,11,0.37,"2s or3s"
"Boston Celtics",28,113,41,0.36,3s
"Boston Celtics",9,117,48,0.41,2s
"Boston Celtics",15,70,32,0.46,2s
"Boston Celtics",19,60,23,0.38,2s
"Boston Celtics",8,112,50,0.45,2s
"Boston Celtics",12,74,38,0.51,2s
"Boston Celtics",16,62,23,0.37,2s
"Boston Celtics",18,68,30,0.44,2s
"Boston Celtics",3,407,214,0.53,2s
"Boston Celtics",17,66,28,0.42,2s
"Boston Celtics",27,405,148,0.37,3s
"Boston Celtics",4,278,127,0.46,2s
"Boston Celtics",7,134,52,0.39,2s
"Boston Celtics",14,87,40,0.46,2s
"Boston Celtics",51,1,0,0.00,3s
"Boston Celtics",20,40,16,0.40,2s
"Boston Celtics",49,2,0,0.00,3s
"Boston Celtics",77,1,0,0.00,3s
"Boston Celtics",30,15,4,0.27,3s
"Boston Celtics",31,6,2,0.33,3s
"Boston Celtics",32,1,0,0.00,3s
"Boston Celtics",43,1,0,0.00,3s
"Boston Celtics",64,1,0,0.00,3s
"Boston Celtics",35,1,0,0.00,3s
"Boston Celtics",33,3,1,0.33,3s
"Boston Celtics",39,1,0,0.00,3s
"Boston Celtics",53,1,0,0.00,3s
"Boston Celtics",41,1,0,0.00,3s
"Boston Celtics",44,1,0,0.00,3s
"Boston Celtics",47,1,0,0.00,3s
"Boston Celtics",56,1,0,0.00,3s
"Boston Celtics",74,1,0,0.00,3s
"Boston Celtics",36,1,0,0.00,3s
"Boston Celtics",60,1,0,0.00,3s
"Cleveland Cavaliers",21,30,11,0.37,"2s or3s"
"Cleveland Cavaliers",23,409,151,0.37,"2s or3s"
"Cleveland Cavaliers",26,557,200,0.36,3s
"Cleveland Cavaliers",2,457,258,0.56,2s
"Cleveland Cavaliers",10,160,78,0.49,2s
"Cleveland Cavaliers",13,94,43,0.46,2s
"Cleveland Cavaliers",3,248,113,0.46,2s
"Cleveland Cavaliers",7,221,90,0.41,2s
"Cleveland Cavaliers",20,56,22,0.39,2s
"Cleveland Cavaliers",0,603,482,0.80,2s
"Cleveland Cavaliers",27,192,72,0.38,3s
"Cleveland Cavaliers",28,103,49,0.48,3s
"Cleveland Cavaliers",4,173,82,0.47,2s
"Cleveland Cavaliers",19,62,21,0.34,2s
"Cleveland Cavaliers",25,723,264,0.37,3s
"Cleveland Cavaliers",8,175,82,0.47,2s
"Cleveland Cavaliers",12,117,46,0.39,2s
"Cleveland Cavaliers",6,190,75,0.39,2s
"Cleveland Cavaliers",24,339,125,0.37,3s
"Cleveland Cavaliers",22,157,52,0.33,"2s or3s"
"Cleveland Cavaliers",16,68,33,0.49,2s
"Cleveland Cavaliers",1,907,667,0.74,2s
"Cleveland Cavaliers",17,91,35,0.38,2s
"Cleveland Cavaliers",11,139,67,0.48,2s
"Cleveland Cavaliers",30,31,14,0.45,3s
"Cleveland Cavaliers",9,178,88,0.49,2s
"Cleveland Cavaliers",5,202,84,0.42,2s
"Cleveland Cavaliers",73,1,0,0.00,3s
"Cleveland Cavaliers",15,75,27,0.36,2s
"Cleveland Cavaliers",29,41,13,0.32,3s
"Cleveland Cavaliers",18,52,15,0.29,2s
"Cleveland Cavaliers",14,73,32,0.44,2s
"Cleveland Cavaliers",47,1,0,0.00,3s
"Cleveland Cavaliers",34,2,0,0.00,3s
"Cleveland Cavaliers",31,22,9,0.41,3s
"Cleveland Cavaliers",63,1,0,0.00,3s
"Cleveland Cavaliers",32,13,4,0.31,3s
"Cleveland Cavaliers",33,7,2,0.29,3s
"Cleveland Cavaliers",67,1,0,0.00,3s
"Cleveland Cavaliers",50,1,0,0.00,3s
"Cleveland Cavaliers",41,2,0,0.00,3s
"Cleveland Cavaliers",36,1,0,0.00,3s
"Cleveland Cavaliers",38,1,1,1.00,3s
"Cleveland Cavaliers",51,1,0,0.00,3s
"Cleveland Cavaliers",37,2,1,0.50,3s
"Cleveland Cavaliers",35,1,0,0.00,3s
"Cleveland Cavaliers",71,1,0,0.00,3s
"Cleveland Cavaliers",49,1,0,0.00,3s
"Cleveland Cavaliers",44,1,0,0.00,3s
"Cleveland Cavaliers",48,1,0,0.00,3s
"New Orleans Pelicans",3,418,222,0.53,2s
"New Orleans Pelicans",0,558,437,0.78,2s
"New Orleans Pelicans",4,290,123,0.42,2s
"New Orleans Pelicans",1,629,456,0.72,2s
"New Orleans Pelicans",25,706,253,0.36,3s
"New Orleans Pelicans",17,98,37,0.38,2s
"New Orleans Pelicans",2,688,413,0.60,2s
"New Orleans Pelicans",14,119,59,0.50,2s
"New Orleans Pelicans",13,99,44,0.44,2s
"New Orleans Pelicans",20,48,18,0.38,2s
"New Orleans Pelicans",5,239,97,0.41,2s
"New Orleans Pelicans",26,522,190,0.36,3s
"New Orleans Pelicans",22,211,73,0.35,"2s or3s"
"New Orleans Pelicans",11,131,61,0.47,2s
"New Orleans Pelicans",8,134,53,0.40,2s
"New Orleans Pelicans",24,336,136,0.40,3s
"New Orleans Pelicans",10,144,72,0.50,2s
"New Orleans Pelicans",16,107,32,0.30,2s
"New Orleans Pelicans",12,127,56,0.44,2s
"New Orleans Pelicans",9,146,53,0.36,2s
"New Orleans Pelicans",21,29,9,0.31,"2s or3s"
"New Orleans Pelicans",23,341,120,0.35,"2s or3s"
"New Orleans Pelicans",15,102,54,0.53,2s
"New Orleans Pelicans",7,192,80,0.42,2s
"New Orleans Pelicans",31,5,2,0.40,3s
"New Orleans Pelicans",6,227,105,0.46,2s
"New Orleans Pelicans",27,204,75,0.37,3s
"New Orleans Pelicans",28,79,29,0.37,3s
"New Orleans Pelicans",18,87,33,0.38,2s
"New Orleans Pelicans",19,63,24,0.38,2s
"New Orleans Pelicans",29,47,20,0.43,3s
"New Orleans Pelicans",46,1,0,0.00,3s
"New Orleans Pelicans",49,1,0,0.00,3s
"New Orleans Pelicans",30,21,7,0.33,3s
"New Orleans Pelicans",58,1,0,0.00,3s
"New Orleans Pelicans",33,3,2,0.67,3s
"New Orleans Pelicans",51,1,0,0.00,3s
"New Orleans Pelicans",40,2,0,0.00,3s
"New Orleans Pelicans",35,1,1,1.00,3s
"New Orleans Pelicans",32,4,0,0.00,3s
"New Orleans Pelicans",68,1,0,0.00,3s
"New Orleans Pelicans",41,1,0,0.00,3s
"New Orleans Pelicans",44,2,0,0.00,3s
"New Orleans Pelicans",55,1,0,0.00,3s
"New Orleans Pelicans",73,1,0,0.00,3s
"New Orleans Pelicans",56,1,0,0.00,3s
"New Orleans Pelicans",65,1,0,0.00,3s
"New Orleans Pelicans",67,1,0,0.00,3s
"New Orleans Pelicans",47,2,0,0.00,3s
"New Orleans Pelicans",42,1,1,1.00,3s
"New Orleans Pelicans",59,1,0,0.00,3s
"New Orleans Pelicans",78,1,0,0.00,3s
"New Orleans Pelicans",64,1,0,0.00,3s
"New Orleans Pelicans",66,1,0,0.00,3s
"New Orleans Pelicans",36,2,0,0.00,3s
"New Orleans Pelicans",37,1,0,0.00,3s
"Chicago Bulls",6,145,71,0.49,2s
"Chicago Bulls",19,149,57,0.38,2s
"Chicago Bulls",3,228,126,0.55,2s
"Chicago Bulls",15,170,70,0.41,2s
"Chicago Bulls",23,355,147,0.41,"2s or3s"
"Chicago Bulls",25,583,192,0.33,3s
"Chicago Bulls",2,518,301,0.58,2s
"Chicago Bulls",24,368,130,0.35,3s
"Chicago Bulls",0,736,549,0.75,2s
"Chicago Bulls",26,483,183,0.38,3s
"Chicago Bulls",1,745,511,0.69,2s
"Chicago Bulls",17,152,68,0.45,2s
"Chicago Bulls",11,140,69,0.49,2s
"Chicago Bulls",29,32,9,0.28,3s
"Chicago Bulls",16,164,87,0.53,2s
"Chicago Bulls",10,130,61,0.47,2s
"Chicago Bulls",27,197,72,0.37,3s
"Chicago Bulls",5,185,83,0.45,2s
"Chicago Bulls",7,112,55,0.49,2s
"Chicago Bulls",13,117,59,0.50,2s
"Chicago Bulls",14,150,74,0.49,2s
"Chicago Bulls",22,264,105,0.40,"2s or3s"
"Chicago Bulls",31,4,0,0.00,3s
"Chicago Bulls",18,152,73,0.48,2s
"Chicago Bulls",21,86,37,0.43,"2s or3s"
"Chicago Bulls",12,124,53,0.43,2s
"Chicago Bulls",20,130,49,0.38,2s
"Chicago Bulls",28,103,28,0.27,3s
"Chicago Bulls",4,167,74,0.44,2s
"Chicago Bulls",8,99,39,0.39,2s
"Chicago Bulls",9,102,49,0.48,2s
"Chicago Bulls",37,3,0,0.00,3s
"Chicago Bulls",39,1,0,0.00,3s
"Chicago Bulls",43,1,0,0.00,3s
"Chicago Bulls",33,2,1,0.50,3s
"Chicago Bulls",42,1,0,0.00,3s
"Chicago Bulls",32,4,2,0.50,3s
"Chicago Bulls",35,2,0,0.00,3s
"Chicago Bulls",30,8,3,0.38,3s
"Chicago Bulls",34,1,1,1.00,3s
"Chicago Bulls",38,1,0,0.00,3s
"Chicago Bulls",51,1,0,0.00,3s
"Chicago Bulls",68,1,0,0.00,3s
"Dallas Mavericks",22,335,139,0.41,"2s or3s"
"Dallas Mavericks",13,82,39,0.48,2s
"Dallas Mavericks",1,595,423,0.71,2s
"Dallas Mavericks",12,100,46,0.46,2s
"Dallas Mavericks",26,564,205,0.36,3s
"Dallas Mavericks",2,420,243,0.58,2s
"Dallas Mavericks",25,966,354,0.37,3s
"Dallas Mavericks",0,485,401,0.83,2s
"Dallas Mavericks",23,556,225,0.40,"2s or3s"
"Dallas Mavericks",6,147,71,0.48,2s
"Dallas Mavericks",50,5,0,0.00,3s
"Dallas Mavericks",15,77,26,0.34,2s
"Dallas Mavericks",24,459,174,0.38,3s
"Dallas Mavericks",7,132,56,0.42,2s
"Dallas Mavericks",5,175,85,0.49,2s
"Dallas Mavericks",9,114,55,0.48,2s
"Dallas Mavericks",54,1,0,0.00,3s
"Dallas Mavericks",27,225,93,0.41,3s
"Dallas Mavericks",16,72,30,0.42,2s
"Dallas Mavericks",17,83,32,0.39,2s
"Dallas Mavericks",3,307,155,0.50,2s
"Dallas Mavericks",8,113,63,0.56,2s
"Dallas Mavericks",28,121,33,0.27,3s
"Dallas Mavericks",10,107,54,0.50,2s
"Dallas Mavericks",29,57,18,0.32,3s
"Dallas Mavericks",20,41,18,0.44,2s
"Dallas Mavericks",33,7,2,0.29,3s
"Dallas Mavericks",14,73,38,0.52,2s
"Dallas Mavericks",11,109,55,0.50,2s
"Dallas Mavericks",19,41,16,0.39,2s
"Dallas Mavericks",4,189,98,0.52,2s
"Dallas Mavericks",32,13,3,0.23,3s
"Dallas Mavericks",18,54,20,0.37,2s
"Dallas Mavericks",53,2,0,0.00,3s
"Dallas Mavericks",46,1,0,0.00,3s
"Dallas Mavericks",41,4,0,0.00,3s
"Dallas Mavericks",21,15,5,0.33,"2s or3s"
"Dallas Mavericks",30,17,3,0.18,3s
"Dallas Mavericks",34,4,0,0.00,3s
"Dallas Mavericks",55,1,0,0.00,3s
"Dallas Mavericks",51,2,0,0.00,3s
"Dallas Mavericks",31,13,1,0.08,3s
"Dallas Mavericks",35,4,2,0.50,3s
"Dallas Mavericks",48,2,0,0.00,3s
"Dallas Mavericks",44,1,0,0.00,3s
"Dallas Mavericks",36,1,0,0.00,3s
"Dallas Mavericks",49,2,0,0.00,3s
"Dallas Mavericks",38,2,0,0.00,3s
"Dallas Mavericks",39,1,0,0.00,3s
"Dallas Mavericks",52,2,0,0.00,3s
"Dallas Mavericks",56,2,0,0.00,3s
"Dallas Mavericks",37,1,1,1.00,3s
"Dallas Mavericks",64,1,0,0.00,3s
"Dallas Mavericks",47,1,0,0.00,3s
"Dallas Mavericks",67,1,0,0.00,3s
"Dallas Mavericks",42,1,0,0.00,3s
"Dallas Mavericks",57,1,0,0.00,3s
"Dallas Mavericks",45,1,1,1.00,3s
"Dallas Mavericks",43,1,0,0.00,3s
"Denver Nuggets",1,620,517,0.83,2s
"Denver Nuggets",17,130,57,0.44,2s
"Denver Nuggets",3,524,276,0.53,2s
"Denver Nuggets",2,724,503,0.69,2s
"Denver Nuggets",11,93,35,0.38,2s
"Denver Nuggets",15,115,49,0.43,2s
"Denver Nuggets",25,768,291,0.38,3s
"Denver Nuggets",24,293,121,0.41,3s
"Denver Nuggets",6,170,91,0.54,2s
"Denver Nuggets",5,219,89,0.41,2s
"Denver Nuggets",13,96,39,0.41,2s
"Denver Nuggets",8,100,51,0.51,2s
"Denver Nuggets",0,509,386,0.76,2s
"Denver Nuggets",16,123,56,0.46,2s
"Denver Nuggets",14,104,38,0.37,2s
"Denver Nuggets",23,421,178,0.42,"2s or3s"
"Denver Nuggets",7,144,63,0.44,2s
"Denver Nuggets",12,91,38,0.42,2s
"Denver Nuggets",26,560,207,0.37,3s
"Denver Nuggets",22,229,86,0.38,"2s or3s"
"Denver Nuggets",10,99,43,0.43,2s
"Denver Nuggets",20,57,23,0.40,2s
"Denver Nuggets",21,45,13,0.29,"2s or3s"
"Denver Nuggets",27,176,58,0.33,3s
"Denver Nuggets",4,262,110,0.42,2s
"Denver Nuggets",18,84,37,0.44,2s
"Denver Nuggets",19,66,26,0.39,2s
"Denver Nuggets",30,15,5,0.33,3s
"Denver Nuggets",9,113,48,0.42,2s
"Denver Nuggets",51,1,0,0.00,3s
"Denver Nuggets",35,1,0,0.00,3s
"Denver Nuggets",28,65,23,0.35,3s
"Denver Nuggets",29,20,9,0.45,3s
"Denver Nuggets",40,1,0,0.00,3s
"Denver Nuggets",32,5,2,0.40,3s
"Denver Nuggets",33,5,1,0.20,3s
"Denver Nuggets",60,2,1,0.50,3s
"Denver Nuggets",52,4,1,0.25,3s
"Denver Nuggets",45,2,0,0.00,3s
"Denver Nuggets",44,2,1,0.50,3s
"Denver Nuggets",31,6,1,0.17,3s
"Denver Nuggets",34,2,1,0.50,3s
"Denver Nuggets",58,1,0,0.00,3s
"Denver Nuggets",80,1,0,0.00,3s
"Denver Nuggets",66,1,0,0.00,3s
"Denver Nuggets",48,3,0,0.00,3s
"Denver Nuggets",56,1,0,0.00,3s
"Denver Nuggets",36,1,0,0.00,3s
"Denver Nuggets",49,1,0,0.00,3s
"Denver Nuggets",46,1,0,0.00,3s
"Denver Nuggets",82,1,0,0.00,3s
"Denver Nuggets",39,2,0,0.00,3s
"Denver Nuggets",43,4,0,0.00,3s
"Denver Nuggets",50,2,0,0.00,3s
"Denver Nuggets",53,1,0,0.00,3s
"Denver Nuggets",37,1,0,0.00,3s
"Denver Nuggets",62,1,0,0.00,3s
"Golden State Warriors",9,88,33,0.38,2s
"Golden State Warriors",22,253,100,0.40,"2s or3s"
"Golden State Warriors",12,83,29,0.35,2s
"Golden State Warriors",11,111,44,0.40,2s
"Golden State Warriors",2,445,288,0.65,2s
"Golden State Warriors",25,823,328,0.40,3s
"Golden State Warriors",14,67,32,0.48,2s
"Golden State Warriors",6,176,58,0.33,2s
"Golden State Warriors",16,73,34,0.47,2s
"Golden State Warriors",27,470,185,0.39,3s
"Golden State Warriors",19,93,38,0.41,2s
"Golden State Warriors",24,318,112,0.35,3s
"Golden State Warriors",3,439,295,0.67,2s
"Golden State Warriors",26,811,321,0.40,3s
"Golden State Warriors",17,106,38,0.36,2s
"Golden State Warriors",1,442,342,0.77,2s
"Golden State Warriors",46,1,0,0.00,3s
"Golden State Warriors",0,423,299,0.71,2s
"Golden State Warriors",15,61,25,0.41,2s
"Golden State Warriors",23,414,158,0.38,"2s or3s"
"Golden State Warriors",10,101,43,0.43,2s
"Golden State Warriors",4,380,226,0.59,2s
"Golden State Warriors",18,92,44,0.48,2s
"Golden State Warriors",31,39,10,0.26,3s
"Golden State Warriors",28,194,78,0.40,3s
"Golden State Warriors",5,269,145,0.54,2s
"Golden State Warriors",13,81,31,0.38,2s
"Golden State Warriors",8,94,41,0.44,2s
"Golden State Warriors",7,113,45,0.40,2s
"Golden State Warriors",65,1,0,0.00,3s
"Golden State Warriors",34,3,3,1.00,3s
"Golden State Warriors",20,60,24,0.40,2s
"Golden State Warriors",33,11,2,0.18,3s
"Golden State Warriors",29,114,45,0.39,3s
"Golden State Warriors",30,61,19,0.31,3s
"Golden State Warriors",36,2,0,0.00,3s
"Golden State Warriors",32,15,4,0.27,3s
"Golden State Warriors",21,37,16,0.43,"2s or3s"
"Golden State Warriors",52,2,0,0.00,3s
"Golden State Warriors",54,1,0,0.00,3s
"Golden State Warriors",56,1,0,0.00,3s
"Golden State Warriors",59,2,0,0.00,3s
"Golden State Warriors",42,3,1,0.33,3s
"Golden State Warriors",35,3,0,0.00,3s
"Golden State Warriors",50,3,1,0.33,3s
"Golden State Warriors",49,1,0,0.00,3s
"Golden State Warriors",40,2,0,0.00,3s
"Golden State Warriors",48,1,0,0.00,3s
"Golden State Warriors",37,2,1,0.50,3s
"Golden State Warriors",64,1,0,0.00,3s
"Golden State Warriors",53,1,0,0.00,3s
"Golden State Warriors",47,1,0,0.00,3s
"Golden State Warriors",67,1,0,0.00,3s
"Golden State Warriors",51,2,0,0.00,3s
"Golden State Warriors",61,1,0,0.00,3s
"Golden State Warriors",55,1,0,0.00,3s
"Houston Rockets",2,807,503,0.62,2s
"Houston Rockets",25,682,218,0.32,3s
"Houston Rockets",11,107,61,0.57,2s
"Houston Rockets",0,452,310,0.69,2s
"Houston Rockets",16,74,28,0.38,2s
"Houston Rockets",9,120,42,0.35,2s
"Houston Rockets",19,52,21,0.40,2s
"Houston Rockets",4,421,178,0.42,2s
"Houston Rockets",21,25,8,0.32,"2s or3s"
"Houston Rockets",28,120,29,0.24,3s
"Houston Rockets",1,635,472,0.74,2s
"Houston Rockets",24,259,96,0.37,3s
"Houston Rockets",5,314,119,0.38,2s
"Houston Rockets",20,33,9,0.27,2s
"Houston Rockets",14,66,25,0.38,2s
"Houston Rockets",15,87,41,0.47,2s
"Houston Rockets",22,146,47,0.32,"2s or3s"
"Houston Rockets",23,285,109,0.38,"2s or3s"
"Houston Rockets",26,716,245,0.34,3s
"Houston Rockets",27,307,93,0.30,3s
"Houston Rockets",10,94,39,0.41,2s
"Houston Rockets",3,573,301,0.53,2s
"Houston Rockets",6,202,84,0.42,2s
"Houston Rockets",17,76,33,0.43,2s
"Houston Rockets",7,164,62,0.38,2s
"Houston Rockets",29,59,14,0.24,3s
"Houston Rockets",13,75,28,0.37,2s
"Houston Rockets",8,111,42,0.38,2s
"Houston Rockets",32,5,1,0.20,3s
"Houston Rockets",12,86,37,0.43,2s
"Houston Rockets",18,77,25,0.32,2s
"Houston Rockets",58,1,0,0.00,3s
"Houston Rockets",31,6,2,0.33,3s
"Houston Rockets",47,2,0,0.00,3s
"Houston Rockets",30,27,7,0.26,3s
"Houston Rockets",53,1,0,0.00,3s
"Houston Rockets",50,1,0,0.00,3s
"Houston Rockets",33,6,0,0.00,3s
"Houston Rockets",61,1,0,0.00,3s
"Houston Rockets",54,1,0,0.00,3s
"Houston Rockets",44,1,0,0.00,3s
"Houston Rockets",36,1,0,0.00,3s
"Houston Rockets",51,1,0,0.00,3s
"Houston Rockets",56,1,0,0.00,3s
"Houston Rockets",41,2,0,0.00,3s
"Houston Rockets",49,2,0,0.00,3s
"Houston Rockets",65,1,0,0.00,3s
"Houston Rockets",78,1,0,0.00,3s
"Houston Rockets",48,1,0,0.00,3s
"LA Clippers",22,204,83,0.41,"2s or3s"
"LA Clippers",17,138,55,0.40,2s
"LA Clippers",26,638,239,0.37,3s
"LA Clippers",25,711,270,0.38,3s
"LA Clippers",18,104,48,0.46,2s
"LA Clippers",24,343,140,0.41,3s
"LA Clippers",5,173,75,0.43,2s
"LA Clippers",8,117,55,0.47,2s
"LA Clippers",2,566,347,0.61,2s
"LA Clippers",12,130,56,0.43,2s
"LA Clippers",0,438,314,0.72,2s
"LA Clippers",4,244,110,0.45,2s
"LA Clippers",19,107,42,0.39,2s
"LA Clippers",7,134,63,0.47,2s
"LA Clippers",13,127,50,0.39,2s
"LA Clippers",23,426,175,0.41,"2s or3s"
"LA Clippers",27,257,89,0.35,3s
"LA Clippers",3,408,204,0.50,2s
"LA Clippers",10,141,65,0.46,2s
"LA Clippers",6,144,73,0.51,2s
"LA Clippers",15,129,61,0.47,2s
"LA Clippers",14,119,53,0.45,2s
"LA Clippers",9,116,52,0.45,2s
"LA Clippers",30,13,6,0.46,3s
"LA Clippers",1,558,422,0.76,2s
"LA Clippers",11,130,64,0.49,2s
"LA Clippers",16,146,65,0.45,2s
"LA Clippers",20,81,31,0.38,2s
"LA Clippers",21,44,9,0.20,"2s or3s"
"LA Clippers",41,2,0,0.00,3s
"LA Clippers",35,1,1,1.00,3s
"LA Clippers",28,95,36,0.38,3s
"LA Clippers",73,1,0,0.00,3s
"LA Clippers",29,42,12,0.29,3s
"LA Clippers",44,1,0,0.00,3s
"LA Clippers",33,2,0,0.00,3s
"LA Clippers",34,2,1,0.50,3s
"LA Clippers",37,1,0,0.00,3s
"LA Clippers",51,1,0,0.00,3s
"LA Clippers",31,9,3,0.33,3s
"LA Clippers",68,1,0,0.00,3s
"LA Clippers",46,4,0,0.00,3s
"LA Clippers",79,1,0,0.00,3s
"LA Clippers",56,1,0,0.00,3s
"LA Clippers",40,1,0,0.00,3s
"LA Clippers",53,2,0,0.00,3s
"LA Clippers",38,2,0,0.00,3s
"LA Clippers",48,1,1,1.00,3s
"LA Clippers",45,1,0,0.00,3s
"LA Clippers",71,1,0,0.00,3s
"LA Clippers",32,1,0,0.00,3s
"LA Clippers",50,1,0,0.00,3s
"Los Angeles Lakers",3,528,283,0.54,2s
"Los Angeles Lakers",23,365,130,0.36,"2s or3s"
"Los Angeles Lakers",15,107,53,0.50,2s
"Los Angeles Lakers",26,531,175,0.33,3s
"Los Angeles Lakers",2,739,474,0.64,2s
"Los Angeles Lakers",16,136,56,0.41,2s
"Los Angeles Lakers",11,119,49,0.41,2s
"Los Angeles Lakers",25,737,276,0.37,3s
"Los Angeles Lakers",1,689,541,0.79,2s
"Los Angeles Lakers",22,233,89,0.38,"2s or3s"
"Los Angeles Lakers",4,317,116,0.37,2s
"Los Angeles Lakers",0,483,376,0.78,2s
"Los Angeles Lakers",5,198,91,0.46,2s
"Los Angeles Lakers",7,158,68,0.43,2s
"Los Angeles Lakers",24,309,111,0.36,3s
"Los Angeles Lakers",8,104,50,0.48,2s
"Los Angeles Lakers",6,147,67,0.46,2s
"Los Angeles Lakers",21,41,17,0.41,"2s or3s"
"Los Angeles Lakers",10,126,59,0.47,2s
"Los Angeles Lakers",27,240,70,0.29,3s
"Los Angeles Lakers",20,65,23,0.35,2s
"Los Angeles Lakers",18,115,50,0.43,2s
"Los Angeles Lakers",35,3,1,0.33,3s
"Los Angeles Lakers",17,113,46,0.41,2s
"Los Angeles Lakers",28,81,22,0.27,3s
"Los Angeles Lakers",44,2,0,0.00,3s
"Los Angeles Lakers",9,108,40,0.37,2s
"Los Angeles Lakers",32,7,1,0.14,3s
"Los Angeles Lakers",31,9,3,0.33,3s
"Los Angeles Lakers",13,113,47,0.42,2s
"Los Angeles Lakers",33,2,0,0.00,3s
"Los Angeles Lakers",19,89,30,0.34,2s
"Los Angeles Lakers",12,116,49,0.42,2s
"Los Angeles Lakers",14,110,39,0.35,2s
"Los Angeles Lakers",29,28,9,0.32,3s
"Los Angeles Lakers",30,16,3,0.19,3s
"Los Angeles Lakers",40,1,1,1.00,3s
"Los Angeles Lakers",59,1,0,0.00,3s
"Los Angeles Lakers",76,1,0,0.00,3s
"Los Angeles Lakers",52,3,0,0.00,3s
"Los Angeles Lakers",36,1,0,0.00,3s
"Los Angeles Lakers",42,2,1,0.50,3s
"Los Angeles Lakers",39,1,0,0.00,3s
"Los Angeles Lakers",41,1,0,0.00,3s
"Los Angeles Lakers",58,1,0,0.00,3s
"Los Angeles Lakers",34,1,0,0.00,3s
"Los Angeles Lakers",49,1,0,0.00,3s
"Miami Heat",4,233,106,0.45,2s
"Miami Heat",2,532,311,0.58,2s
"Miami Heat",25,741,247,0.33,3s
"Miami Heat",9,174,80,0.46,2s
"Miami Heat",8,180,82,0.46,2s
"Miami Heat",23,495,184,0.37,"2s or3s"
"Miami Heat",6,198,89,0.45,2s
"Miami Heat",0,345,250,0.72,2s
"Miami Heat",10,207,104,0.50,2s
"Miami Heat",27,265,77,0.29,3s
"Miami Heat",3,342,190,0.56,2s
"Miami Heat",22,187,64,0.34,"2s or3s"
"Miami Heat",21,29,10,0.34,"2s or3s"
"Miami Heat",26,655,225,0.34,3s
"Miami Heat",28,132,46,0.35,3s
"Miami Heat",1,522,392,0.75,2s
"Miami Heat",13,113,47,0.42,2s
"Miami Heat",12,161,83,0.52,2s
"Miami Heat",7,187,84,0.45,2s
"Miami Heat",11,179,81,0.45,2s
"Miami Heat",20,48,18,0.38,2s
"Miami Heat",24,308,126,0.41,3s
"Miami Heat",14,91,48,0.53,2s
"Miami Heat",17,76,32,0.42,2s
"Miami Heat",5,206,97,0.47,2s
"Miami Heat",30,20,6,0.30,3s
"Miami Heat",15,100,39,0.39,2s
"Miami Heat",18,48,21,0.44,2s
"Miami Heat",31,8,2,0.25,3s
"Miami Heat",16,92,39,0.42,2s
"Miami Heat",66,1,0,0.00,3s
"Miami Heat",29,40,12,0.30,3s
"Miami Heat",19,51,22,0.43,2s
"Miami Heat",32,6,0,0.00,3s
"Miami Heat",49,2,0,0.00,3s
"Miami Heat",33,2,0,0.00,3s
"Miami Heat",57,1,0,0.00,3s
"Miami Heat",41,2,0,0.00,3s
"Miami Heat",34,5,0,0.00,3s
"Miami Heat",35,1,1,1.00,3s
"Miami Heat",37,1,0,0.00,3s
"Miami Heat",59,1,0,0.00,3s
"Miami Heat",47,1,0,0.00,3s
"Miami Heat",44,1,0,0.00,3s
"Miami Heat",36,1,0,0.00,3s
"Miami Heat",50,1,0,0.00,3s
"Milwaukee Bucks",23,455,168,0.37,"2s or3s"
"Milwaukee Bucks",27,448,151,0.34,3s
"Milwaukee Bucks",20,48,15,0.31,2s
"Milwaukee Bucks",26,793,296,0.37,3s
"Milwaukee Bucks",13,102,43,0.42,2s
"Milwaukee Bucks",2,541,351,0.65,2s
"Milwaukee Bucks",22,274,110,0.40,"2s or3s"
"Milwaukee Bucks",1,659,492,0.75,2s
"Milwaukee Bucks",5,147,63,0.43,2s
"Milwaukee Bucks",19,71,35,0.49,2s
"Milwaukee Bucks",16,128,53,0.41,2s
"Milwaukee Bucks",18,85,37,0.44,2s
"Milwaukee Bucks",24,308,102,0.33,3s
"Milwaukee Bucks",25,727,303,0.42,3s
"Milwaukee Bucks",3,308,150,0.49,2s
"Milwaukee Bucks",9,115,48,0.42,2s
"Milwaukee Bucks",14,89,39,0.44,2s
"Milwaukee Bucks",0,549,423,0.77,2s
"Milwaukee Bucks",4,205,79,0.39,2s
"Milwaukee Bucks",28,196,66,0.34,3s
"Milwaukee Bucks",8,107,45,0.42,2s
"Milwaukee Bucks",15,133,61,0.46,2s
"Milwaukee Bucks",6,134,62,0.46,2s
"Milwaukee Bucks",7,143,69,0.48,2s
"Milwaukee Bucks",30,36,16,0.44,3s
"Milwaukee Bucks",10,117,44,0.38,2s
"Milwaukee Bucks",17,122,52,0.43,2s
"Milwaukee Bucks",21,36,12,0.33,"2s or3s"
"Milwaukee Bucks",11,116,46,0.40,2s
"Milwaukee Bucks",12,119,54,0.45,2s
"Milwaukee Bucks",29,68,15,0.22,3s
"Milwaukee Bucks",60,2,0,0.00,3s
"Milwaukee Bucks",44,1,0,0.00,3s
"Milwaukee Bucks",32,5,1,0.20,3s
"Milwaukee Bucks",48,3,0,0.00,3s
"Milwaukee Bucks",31,8,1,0.13,3s
"Milwaukee Bucks",38,2,1,0.50,3s
"Milwaukee Bucks",42,1,0,0.00,3s
"Milwaukee Bucks",47,1,0,0.00,3s
"Milwaukee Bucks",49,1,0,0.00,3s
"Milwaukee Bucks",50,1,0,0.00,3s
"Milwaukee Bucks",41,2,1,0.50,3s
"Milwaukee Bucks",45,1,0,0.00,3s
"Milwaukee Bucks",81,1,0,0.00,3s
"Milwaukee Bucks",39,1,0,0.00,3s
"Milwaukee Bucks",77,1,0,0.00,3s
"Milwaukee Bucks",58,1,0,0.00,3s
"Minnesota Timberwolves",3,355,166,0.47,2s
"Minnesota Timberwolves",0,600,480,0.80,2s
"Minnesota Timberwolves",23,371,151,0.41,"2s or3s"
"Minnesota Timberwolves",8,161,73,0.45,2s
"Minnesota Timberwolves",1,831,619,0.74,2s
"Minnesota Timberwolves",2,611,377,0.62,2s
"Minnesota Timberwolves",25,868,325,0.37,3s
"Minnesota Timberwolves",22,334,125,0.37,"2s or3s"
"Minnesota Timberwolves",24,515,189,0.37,3s
"Minnesota Timberwolves",4,258,100,0.39,2s
"Minnesota Timberwolves",15,76,37,0.49,2s
"Minnesota Timberwolves",5,234,102,0.44,2s
"Minnesota Timberwolves",9,129,65,0.50,2s
"Minnesota Timberwolves",19,58,21,0.36,2s
"Minnesota Timberwolves",14,67,27,0.40,2s
"Minnesota Timberwolves",12,97,49,0.51,2s
"Minnesota Timberwolves",26,423,150,0.35,3s
"Minnesota Timberwolves",20,31,12,0.39,2s
"Minnesota Timberwolves",6,187,77,0.41,2s
"Minnesota Timberwolves",11,100,41,0.41,2s
"Minnesota Timberwolves",7,167,73,0.44,2s
"Minnesota Timberwolves",16,89,51,0.57,2s
"Minnesota Timberwolves",42,2,0,0.00,3s
"Minnesota Timberwolves",13,84,34,0.40,2s
"Minnesota Timberwolves",18,44,14,0.32,2s
"Minnesota Timberwolves",32,4,1,0.25,3s
"Minnesota Timberwolves",27,144,49,0.34,3s
"Minnesota Timberwolves",45,2,0,0.00,3s
"Minnesota Timberwolves",10,114,52,0.46,2s
"Minnesota Timberwolves",21,39,11,0.28,"2s or3s"
"Minnesota Timberwolves",30,4,0,0.00,3s
"Minnesota Timberwolves",17,64,23,0.36,2s
"Minnesota Timberwolves",51,3,0,0.00,3s
"Minnesota Timberwolves",66,1,0,0.00,3s
"Minnesota Timberwolves",28,58,16,0.28,3s
"Minnesota Timberwolves",34,2,0,0.00,3s
"Minnesota Timberwolves",57,1,0,0.00,3s
"Minnesota Timberwolves",29,13,3,0.23,3s
"Minnesota Timberwolves",31,4,0,0.00,3s
"Minnesota Timberwolves",43,1,0,0.00,3s
"Minnesota Timberwolves",52,1,0,0.00,3s
"Minnesota Timberwolves",37,1,0,0.00,3s
"Minnesota Timberwolves",44,3,0,0.00,3s
"Minnesota Timberwolves",36,2,1,0.50,3s
"Minnesota Timberwolves",35,2,0,0.00,3s
"Minnesota Timberwolves",41,1,0,0.00,3s
"Minnesota Timberwolves",46,1,0,0.00,3s
"Minnesota Timberwolves",33,2,0,0.00,3s
"Minnesota Timberwolves",50,1,0,0.00,3s
"Minnesota Timberwolves",47,2,0,0.00,3s
"Minnesota Timberwolves",49,1,0,0.00,3s
"Minnesota Timberwolves",48,1,0,0.00,3s
"Minnesota Timberwolves",55,1,0,0.00,3s
"Minnesota Timberwolves",54,1,0,0.00,3s
"Minnesota Timberwolves",40,1,1,1.00,3s
"Brooklyn Nets",24,398,151,0.38,3s
"Brooklyn Nets",11,162,78,0.48,2s
"Brooklyn Nets",18,84,45,0.54,2s
"Brooklyn Nets",1,598,428,0.72,2s
"Brooklyn Nets",0,505,411,0.81,2s
"Brooklyn Nets",26,503,202,0.40,3s
"Brooklyn Nets",15,127,63,0.50,2s
"Brooklyn Nets",25,861,325,0.38,3s
"Brooklyn Nets",3,288,139,0.48,2s
"Brooklyn Nets",20,74,32,0.43,2s
"Brooklyn Nets",17,123,65,0.53,2s
"Brooklyn Nets",9,140,73,0.52,2s
"Brooklyn Nets",64,1,0,0.00,3s
"Brooklyn Nets",23,401,170,0.42,"2s or3s"
"Brooklyn Nets",22,258,98,0.38,"2s or3s"
"Brooklyn Nets",21,54,23,0.43,"2s or3s"
"Brooklyn Nets",6,168,63,0.38,2s
"Brooklyn Nets",19,95,48,0.51,2s
"Brooklyn Nets",2,449,249,0.55,2s
"Brooklyn Nets",10,146,68,0.47,2s
"Brooklyn Nets",27,207,77,0.37,3s
"Brooklyn Nets",8,136,70,0.51,2s
"Brooklyn Nets",5,167,77,0.46,2s
"Brooklyn Nets",13,115,58,0.50,2s
"Brooklyn Nets",12,170,80,0.47,2s
"Brooklyn Nets",16,117,54,0.46,2s
"Brooklyn Nets",7,139,57,0.41,2s
"Brooklyn Nets",4,194,85,0.44,2s
"Brooklyn Nets",14,136,71,0.52,2s
"Brooklyn Nets",30,12,2,0.17,3s
"Brooklyn Nets",28,78,22,0.28,3s
"Brooklyn Nets",29,36,10,0.28,3s
"Brooklyn Nets",37,2,0,0.00,3s
"Brooklyn Nets",31,8,3,0.38,3s
"Brooklyn Nets",35,4,1,0.25,3s
"Brooklyn Nets",33,4,1,0.25,3s
"Brooklyn Nets",32,2,0,0.00,3s
"Brooklyn Nets",38,2,0,0.00,3s
"Brooklyn Nets",41,1,0,0.00,3s
"Brooklyn Nets",55,1,0,0.00,3s
"Brooklyn Nets",54,1,0,0.00,3s
"Brooklyn Nets",34,4,0,0.00,3s
"Brooklyn Nets",70,1,0,0.00,3s
"Brooklyn Nets",42,1,0,0.00,3s
"Brooklyn Nets",40,1,0,0.00,3s
"Brooklyn Nets",49,1,0,0.00,3s
"Brooklyn Nets",36,2,0,0.00,3s
"Brooklyn Nets",43,1,0,0.00,3s
"New York Knicks",10,174,77,0.44,2s
"New York Knicks",4,177,66,0.37,2s
"New York Knicks",25,922,314,0.34,3s
"New York Knicks",1,699,466,0.67,2s
"New York Knicks",0,790,606,0.77,2s
"New York Knicks",11,140,63,0.45,2s
"New York Knicks",16,70,30,0.43,2s
"New York Knicks",9,178,98,0.55,2s
"New York Knicks",22,284,104,0.37,"2s or3s"
"New York Knicks",7,195,95,0.49,2s
"New York Knicks",13,107,46,0.43,2s
"New York Knicks",23,479,182,0.38,"2s or3s"
"New York Knicks",26,442,160,0.36,3s
"New York Knicks",2,466,254,0.55,2s
"New York Knicks",28,48,9,0.19,3s
"New York Knicks",8,201,101,0.50,2s
"New York Knicks",5,215,99,0.46,2s
"New York Knicks",6,184,69,0.38,2s
"New York Knicks",3,283,131,0.46,2s
"New York Knicks",14,79,27,0.34,2s
"New York Knicks",18,59,25,0.42,2s
"New York Knicks",24,533,204,0.38,3s
"New York Knicks",12,119,49,0.41,2s
"New York Knicks",19,49,24,0.49,2s
"New York Knicks",21,23,8,0.35,"2s or3s"
"New York Knicks",20,38,16,0.42,2s
"New York Knicks",15,80,36,0.45,2s
"New York Knicks",27,192,58,0.30,3s
"New York Knicks",37,1,0,0.00,3s
"New York Knicks",17,57,20,0.35,2s
"New York Knicks",32,3,0,0.00,3s
"New York Knicks",29,18,6,0.33,3s
"New York Knicks",38,1,0,0.00,3s
"New York Knicks",42,3,0,0.00,3s
"New York Knicks",53,1,0,0.00,3s
"New York Knicks",30,5,0,0.00,3s
"New York Knicks",40,1,0,0.00,3s
"New York Knicks",58,1,0,0.00,3s
"New York Knicks",61,1,0,0.00,3s
"New York Knicks",39,1,0,0.00,3s
"New York Knicks",31,3,1,0.33,3s
"New York Knicks",55,1,0,0.00,3s
"New York Knicks",59,1,0,0.00,3s
"New York Knicks",47,1,0,0.00,3s
"New York Knicks",33,2,0,0.00,3s
"New York Knicks",41,1,0,0.00,3s
"Orlando Magic",3,449,222,0.49,2s
"Orlando Magic",27,232,71,0.31,3s
"Orlando Magic",1,613,453,0.74,2s
"Orlando Magic",6,183,70,0.38,2s
"Orlando Magic",18,91,44,0.48,2s
"Orlando Magic",23,345,151,0.44,"2s or3s"
"Orlando Magic",26,636,218,0.34,3s
"Orlando Magic",9,121,53,0.44,2s
"Orlando Magic",16,134,55,0.41,2s
"Orlando Magic",25,746,243,0.33,3s
"Orlando Magic",2,633,395,0.62,2s
"Orlando Magic",47,2,0,0.00,3s
"Orlando Magic",0,518,411,0.79,2s
"Orlando Magic",11,122,55,0.45,2s
"Orlando Magic",4,316,148,0.47,2s
"Orlando Magic",21,37,15,0.41,"2s or3s"
"Orlando Magic",30,14,6,0.43,3s
"Orlando Magic",28,84,26,0.31,3s
"Orlando Magic",12,107,46,0.43,2s
"Orlando Magic",10,114,46,0.40,2s
"Orlando Magic",7,159,59,0.37,2s
"Orlando Magic",29,15,4,0.27,3s
"Orlando Magic",19,85,32,0.38,2s
"Orlando Magic",24,297,100,0.34,3s
"Orlando Magic",20,66,27,0.41,2s
"Orlando Magic",13,88,38,0.43,2s
"Orlando Magic",22,168,68,0.40,"2s or3s"
"Orlando Magic",8,129,54,0.42,2s
"Orlando Magic",17,103,33,0.32,2s
"Orlando Magic",15,128,54,0.42,2s
"Orlando Magic",14,108,45,0.42,2s
"Orlando Magic",5,203,79,0.39,2s
"Orlando Magic",33,4,0,0.00,3s
"Orlando Magic",64,1,0,0.00,3s
"Orlando Magic",32,1,0,0.00,3s
"Orlando Magic",34,4,1,0.25,3s
"Orlando Magic",31,5,1,0.20,3s
"Orlando Magic",37,1,0,0.00,3s
"Orlando Magic",39,1,0,0.00,3s
"Orlando Magic",36,1,0,0.00,3s
"Orlando Magic",42,2,0,0.00,3s
"Orlando Magic",77,1,0,0.00,3s
"Orlando Magic",35,1,0,0.00,3s
"Orlando Magic",40,2,0,0.00,3s
"Orlando Magic",46,1,0,0.00,3s
"Orlando Magic",60,1,0,0.00,3s
"Orlando Magic",55,1,0,0.00,3s
"Orlando Magic",57,1,0,0.00,3s
"Indiana Pacers",26,681,250,0.37,3s
"Indiana Pacers",25,813,297,0.37,3s
"Indiana Pacers",23,434,164,0.38,"2s or3s"
"Indiana Pacers",29,60,23,0.38,3s
"Indiana Pacers",27,294,101,0.34,3s
"Indiana Pacers",11,120,53,0.44,2s
"Indiana Pacers",17,60,25,0.42,2s
"Indiana Pacers",13,87,41,0.47,2s
"Indiana Pacers",22,234,87,0.37,"2s or3s"
"Indiana Pacers",12,108,43,0.40,2s
"Indiana Pacers",3,383,166,0.43,2s
"Indiana Pacers",2,761,457,0.60,2s
"Indiana Pacers",4,243,88,0.36,2s
"Indiana Pacers",14,77,31,0.40,2s
"Indiana Pacers",1,739,540,0.73,2s
"Indiana Pacers",9,117,55,0.47,2s
"Indiana Pacers",0,503,363,0.72,2s
"Indiana Pacers",10,135,56,0.41,2s
"Indiana Pacers",16,61,23,0.38,2s
"Indiana Pacers",8,123,61,0.50,2s
"Indiana Pacers",24,346,136,0.39,3s
"Indiana Pacers",7,152,74,0.49,2s
"Indiana Pacers",6,169,68,0.40,2s
"Indiana Pacers",15,65,23,0.35,2s
"Indiana Pacers",5,199,79,0.40,2s
"Indiana Pacers",28,133,46,0.35,3s
"Indiana Pacers",18,49,22,0.45,2s
"Indiana Pacers",30,31,17,0.55,3s
"Indiana Pacers",19,49,19,0.39,2s
"Indiana Pacers",31,14,2,0.14,3s
"Indiana Pacers",38,1,0,0.00,3s
"Indiana Pacers",20,38,15,0.39,2s
"Indiana Pacers",55,2,0,0.00,3s
"Indiana Pacers",33,4,1,0.25,3s
"Indiana Pacers",35,2,1,0.50,3s
"Indiana Pacers",54,2,0,0.00,3s
"Indiana Pacers",21,33,15,0.45,"2s or3s"
"Indiana Pacers",32,2,0,0.00,3s
"Indiana Pacers",46,2,1,0.50,3s
"Indiana Pacers",42,2,0,0.00,3s
"Indiana Pacers",51,1,0,0.00,3s
"Indiana Pacers",34,4,0,0.00,3s
"Indiana Pacers",43,3,0,0.00,3s
"Indiana Pacers",44,1,0,0.00,3s
"Indiana Pacers",49,2,0,0.00,3s
"Indiana Pacers",53,1,0,0.00,3s
"Indiana Pacers",36,1,0,0.00,3s
"Indiana Pacers",52,1,0,0.00,3s
"Indiana Pacers",41,2,0,0.00,3s
"Indiana Pacers",45,1,1,1.00,3s
"Philadelphia 76ers",12,141,63,0.45,2s
"Philadelphia 76ers",14,99,47,0.47,2s
"Philadelphia 76ers",0,557,432,0.78,2s
"Philadelphia 76ers",26,650,271,0.42,3s
"Philadelphia 76ers",3,338,141,0.42,2s
"Philadelphia 76ers",28,115,42,0.37,3s
"Philadelphia 76ers",24,361,122,0.34,3s
"Philadelphia 76ers",4,180,79,0.44,2s
"Philadelphia 76ers",27,344,126,0.37,3s
"Philadelphia 76ers",23,388,172,0.44,"2s or3s"
"Philadelphia 76ers",10,139,66,0.47,2s
"Philadelphia 76ers",7,163,73,0.45,2s
"Philadelphia 76ers",17,97,40,0.41,2s
"Philadelphia 76ers",13,121,56,0.46,2s
"Philadelphia 76ers",19,56,29,0.52,2s
"Philadelphia 76ers",6,181,79,0.44,2s
"Philadelphia 76ers",5,189,69,0.37,2s
"Philadelphia 76ers",1,687,503,0.73,2s
"Philadelphia 76ers",25,553,218,0.39,3s
"Philadelphia 76ers",11,138,57,0.41,2s
"Philadelphia 76ers",20,33,17,0.52,2s
"Philadelphia 76ers",21,29,11,0.38,"2s or3s"
"Philadelphia 76ers",18,62,27,0.44,2s
"Philadelphia 76ers",2,506,288,0.57,2s
"Philadelphia 76ers",9,140,70,0.50,2s
"Philadelphia 76ers",22,185,64,0.35,"2s or3s"
"Philadelphia 76ers",8,123,51,0.41,2s
"Philadelphia 76ers",16,87,49,0.56,2s
"Philadelphia 76ers",15,119,61,0.51,2s
"Philadelphia 76ers",29,43,14,0.33,3s
"Philadelphia 76ers",61,1,0,0.00,3s
"Philadelphia 76ers",31,5,2,0.40,3s
"Philadelphia 76ers",39,1,0,0.00,3s
"Philadelphia 76ers",44,2,0,0.00,3s
"Philadelphia 76ers",33,1,0,0.00,3s
"Philadelphia 76ers",30,15,3,0.20,3s
"Philadelphia 76ers",58,1,0,0.00,3s
"Philadelphia 76ers",40,1,1,1.00,3s
"Philadelphia 76ers",56,3,0,0.00,3s
"Philadelphia 76ers",48,1,0,0.00,3s
"Philadelphia 76ers",38,1,0,0.00,3s
"Philadelphia 76ers",47,1,0,0.00,3s
"Philadelphia 76ers",41,2,0,0.00,3s
"Philadelphia 76ers",46,2,0,0.00,3s
"Philadelphia 76ers",32,3,2,0.67,3s
"Philadelphia 76ers",34,2,1,0.50,3s
"Philadelphia 76ers",36,1,1,1.00,3s
"Philadelphia 76ers",65,1,0,0.00,3s
"Philadelphia 76ers",54,1,0,0.00,3s
"Philadelphia 76ers",50,1,0,0.00,3s
"Phoenix Suns",27,193,67,0.35,3s
"Phoenix Suns",5,224,85,0.38,2s
"Phoenix Suns",26,529,190,0.36,3s
"Phoenix Suns",9,183,85,0.46,2s
"Phoenix Suns",2,433,252,0.58,2s
"Phoenix Suns",13,202,93,0.46,2s
"Phoenix Suns",1,505,362,0.72,2s
"Phoenix Suns",16,188,88,0.47,2s
"Phoenix Suns",25,722,256,0.35,3s
"Phoenix Suns",0,497,376,0.76,2s
"Phoenix Suns",8,196,80,0.41,2s
"Phoenix Suns",17,116,44,0.38,2s
"Phoenix Suns",28,65,22,0.34,3s
"Phoenix Suns",19,72,27,0.38,2s
"Phoenix Suns",12,192,86,0.45,2s
"Phoenix Suns",23,457,198,0.43,"2s or3s"
"Phoenix Suns",3,274,130,0.47,2s
"Phoenix Suns",7,217,110,0.51,2s
"Phoenix Suns",24,362,138,0.38,3s
"Phoenix Suns",10,188,78,0.41,2s
"Phoenix Suns",22,319,125,0.39,"2s or3s"
"Phoenix Suns",11,215,104,0.48,2s
"Phoenix Suns",14,188,83,0.44,2s
"Phoenix Suns",6,198,80,0.40,2s
"Phoenix Suns",15,192,96,0.50,2s
"Phoenix Suns",29,16,6,0.38,3s
"Phoenix Suns",21,28,9,0.32,"2s or3s"
"Phoenix Suns",18,121,58,0.48,2s
"Phoenix Suns",32,3,1,0.33,3s
"Phoenix Suns",20,56,26,0.46,2s
"Phoenix Suns",31,6,1,0.17,3s
"Phoenix Suns",4,198,93,0.47,2s
"Phoenix Suns",30,8,3,0.38,3s
"Phoenix Suns",68,1,0,0.00,3s
"Phoenix Suns",48,1,0,0.00,3s
"Phoenix Suns",70,1,0,0.00,3s
"Phoenix Suns",71,1,0,0.00,3s
"Phoenix Suns",33,1,0,0.00,3s
"Phoenix Suns",35,1,0,0.00,3s
"Phoenix Suns",39,3,0,0.00,3s
"Phoenix Suns",64,1,0,0.00,3s
"Phoenix Suns",38,1,0,0.00,3s
"Phoenix Suns",41,1,0,0.00,3s
"Phoenix Suns",43,1,0,0.00,3s
"Phoenix Suns",51,1,0,0.00,3s
"Phoenix Suns",55,2,0,0.00,3s
"Phoenix Suns",56,2,0,0.00,3s
"Phoenix Suns",36,2,0,0.00,3s
"Phoenix Suns",59,1,0,0.00,3s
"Phoenix Suns",34,2,1,0.50,3s
"Phoenix Suns",67,1,0,0.00,3s
"Phoenix Suns",69,1,0,0.00,3s
"Portland Trail Blazers",14,73,36,0.49,2s
"Portland Trail Blazers",5,178,75,0.42,2s
"Portland Trail Blazers",2,559,295,0.53,2s
"Portland Trail Blazers",23,383,144,0.38,"2s or3s"
"Portland Trail Blazers",0,623,490,0.79,2s
"Portland Trail Blazers",19,63,24,0.38,2s
"Portland Trail Blazers",3,308,149,0.48,2s
"Portland Trail Blazers",1,853,584,0.68,2s
"Portland Trail Blazers",6,125,50,0.40,2s
"Portland Trail Blazers",11,89,36,0.40,2s
"Portland Trail Blazers",25,725,286,0.39,3s
"Portland Trail Blazers",8,110,48,0.44,2s
"Portland Trail Blazers",7,129,52,0.40,2s
"Portland Trail Blazers",20,85,27,0.32,2s
"Portland Trail Blazers",21,49,16,0.33,"2s or3s"
"Portland Trail Blazers",4,199,87,0.44,2s
"Portland Trail Blazers",26,604,211,0.35,3s
"Portland Trail Blazers",28,158,58,0.37,3s
"Portland Trail Blazers",12,89,42,0.47,2s
"Portland Trail Blazers",24,311,119,0.38,3s
"Portland Trail Blazers",10,90,41,0.46,2s
"Portland Trail Blazers",17,74,33,0.45,2s
"Portland Trail Blazers",27,286,98,0.34,3s
"Portland Trail Blazers",13,70,26,0.37,2s
"Portland Trail Blazers",22,198,66,0.33,"2s or3s"
"Portland Trail Blazers",30,47,18,0.38,3s
"Portland Trail Blazers",29,99,34,0.34,3s
"Portland Trail Blazers",16,72,31,0.43,2s
"Portland Trail Blazers",34,8,2,0.25,3s
"Portland Trail Blazers",9,102,39,0.38,2s
"Portland Trail Blazers",15,72,32,0.44,2s
"Portland Trail Blazers",31,33,9,0.27,3s
"Portland Trail Blazers",18,71,38,0.54,2s
"Portland Trail Blazers",32,31,14,0.45,3s
"Portland Trail Blazers",54,1,0,0.00,3s
"Portland Trail Blazers",35,4,1,0.25,3s
"Portland Trail Blazers",47,1,0,0.00,3s
"Portland Trail Blazers",37,5,1,0.20,3s
"Portland Trail Blazers",38,1,0,0.00,3s
"Portland Trail Blazers",33,10,2,0.20,3s
"Portland Trail Blazers",58,2,0,0.00,3s
"Portland Trail Blazers",40,3,1,0.33,3s
"Portland Trail Blazers",52,2,0,0.00,3s
"Portland Trail Blazers",36,1,1,1.00,3s
"Portland Trail Blazers",39,1,0,0.00,3s
"Portland Trail Blazers",41,1,1,1.00,3s
"Portland Trail Blazers",44,1,0,0.00,3s
"Portland Trail Blazers",69,1,0,0.00,3s
"Portland Trail Blazers",48,1,0,0.00,3s
"Sacramento Kings",24,456,166,0.36,3s
"Sacramento Kings",25,1087,398,0.37,3s
"Sacramento Kings",1,675,533,0.79,2s
"Sacramento Kings",23,457,180,0.39,"2s or3s"
"Sacramento Kings",8,141,75,0.53,2s
"Sacramento Kings",12,111,47,0.42,2s
"Sacramento Kings",5,193,77,0.40,2s
"Sacramento Kings",3,414,206,0.50,2s
"Sacramento Kings",4,261,129,0.49,2s
"Sacramento Kings",2,714,483,0.68,2s
"Sacramento Kings",26,541,192,0.35,3s
"Sacramento Kings",14,71,31,0.44,2s
"Sacramento Kings",22,213,86,0.40,"2s or3s"
"Sacramento Kings",10,128,58,0.45,2s
"Sacramento Kings",15,90,37,0.41,2s
"Sacramento Kings",9,129,71,0.55,2s
"Sacramento Kings",27,180,61,0.34,3s
"Sacramento Kings",19,57,29,0.51,2s
"Sacramento Kings",0,381,295,0.77,2s
"Sacramento Kings",6,180,88,0.49,2s
"Sacramento Kings",57,1,0,0.00,3s
"Sacramento Kings",17,79,38,0.48,2s
"Sacramento Kings",16,74,36,0.49,2s
"Sacramento Kings",11,105,49,0.47,2s
"Sacramento Kings",18,67,27,0.40,2s
"Sacramento Kings",13,73,31,0.42,2s
"Sacramento Kings",7,144,73,0.51,2s
"Sacramento Kings",28,81,27,0.33,3s
"Sacramento Kings",29,23,11,0.48,3s
"Sacramento Kings",21,24,13,0.54,"2s or3s"
"Sacramento Kings",20,42,16,0.38,2s
"Sacramento Kings",30,14,6,0.43,3s
"Sacramento Kings",40,2,0,0.00,3s
"Sacramento Kings",31,7,3,0.43,3s
"Sacramento Kings",33,1,0,0.00,3s
"Sacramento Kings",70,1,0,0.00,3s
"Sacramento Kings",38,1,0,0.00,3s
"Sacramento Kings",51,1,0,0.00,3s
"Sacramento Kings",32,4,1,0.25,3s
"Sacramento Kings",60,1,0,0.00,3s
"Sacramento Kings",44,1,0,0.00,3s
"Sacramento Kings",42,1,0,0.00,3s
"Sacramento Kings",58,1,0,0.00,3s
"Sacramento Kings",34,2,0,0.00,3s
"Sacramento Kings",50,1,0,0.00,3s
"Sacramento Kings",56,1,0,0.00,3s
"Sacramento Kings",65,1,0,0.00,3s
"San Antonio Spurs",8,187,81,0.43,2s
"San Antonio Spurs",10,165,73,0.44,2s
"San Antonio Spurs",1,719,510,0.71,2s
"San Antonio Spurs",26,572,189,0.33,3s
"San Antonio Spurs",6,217,92,0.42,2s
"San Antonio Spurs",3,422,208,0.49,2s
"San Antonio Spurs",0,607,452,0.74,2s
"San Antonio Spurs",25,830,292,0.35,3s
"San Antonio Spurs",12,150,62,0.41,2s
"San Antonio Spurs",5,252,100,0.40,2s
"San Antonio Spurs",22,197,67,0.34,"2s or3s"
"San Antonio Spurs",24,409,146,0.36,3s
"San Antonio Spurs",15,101,40,0.40,2s
"San Antonio Spurs",13,152,65,0.43,2s
"San Antonio Spurs",27,208,71,0.34,3s
"San Antonio Spurs",23,319,124,0.39,"2s or3s"
"San Antonio Spurs",9,169,83,0.49,2s
"San Antonio Spurs",11,165,68,0.41,2s
"San Antonio Spurs",2,634,369,0.58,2s
"San Antonio Spurs",14,120,43,0.36,2s
"San Antonio Spurs",4,291,125,0.43,2s
"San Antonio Spurs",16,99,42,0.42,2s
"San Antonio Spurs",28,69,23,0.33,3s
"San Antonio Spurs",7,205,81,0.40,2s
"San Antonio Spurs",33,3,1,0.33,3s
"San Antonio Spurs",17,89,39,0.44,2s
"San Antonio Spurs",30,13,3,0.23,3s
"San Antonio Spurs",18,74,36,0.49,2s
"San Antonio Spurs",38,1,0,0.00,3s
"San Antonio Spurs",40,1,0,0.00,3s
"San Antonio Spurs",21,15,9,0.60,"2s or3s"
"San Antonio Spurs",20,37,13,0.35,2s
"San Antonio Spurs",19,56,18,0.32,2s
"San Antonio Spurs",42,1,0,0.00,3s
"San Antonio Spurs",52,1,0,0.00,3s
"San Antonio Spurs",45,3,0,0.00,3s
"San Antonio Spurs",29,14,5,0.36,3s
"San Antonio Spurs",66,1,0,0.00,3s
"San Antonio Spurs",36,3,0,0.00,3s
"San Antonio Spurs",31,3,1,0.33,3s
"San Antonio Spurs",61,2,0,0.00,3s
"San Antonio Spurs",39,2,0,0.00,3s
"San Antonio Spurs",34,2,1,0.50,3s
"San Antonio Spurs",43,1,0,0.00,3s
"San Antonio Spurs",37,1,0,0.00,3s
"San Antonio Spurs",58,2,0,0.00,3s
"San Antonio Spurs",54,1,0,0.00,3s
"San Antonio Spurs",68,2,0,0.00,3s
"San Antonio Spurs",65,1,0,0.00,3s
"San Antonio Spurs",49,1,0,0.00,3s
"San Antonio Spurs",70,1,0,0.00,3s
"San Antonio Spurs",63,1,0,0.00,3s
"San Antonio Spurs",50,1,0,0.00,3s
"San Antonio Spurs",32,1,1,1.00,3s
"Oklahoma City Thunder",14,111,54,0.49,2s
"Oklahoma City Thunder",24,407,146,0.36,3s
"Oklahoma City Thunder",25,809,298,0.37,3s
"Oklahoma City Thunder",2,718,412,0.57,2s
"Oklahoma City Thunder",0,572,392,0.69,2s
"Oklahoma City Thunder",6,213,97,0.46,2s
"Oklahoma City Thunder",7,185,85,0.46,2s
"Oklahoma City Thunder",26,600,205,0.34,3s
"Oklahoma City Thunder",22,208,78,0.38,"2s or3s"
"Oklahoma City Thunder",19,58,27,0.47,2s
"Oklahoma City Thunder",1,815,580,0.71,2s
"Oklahoma City Thunder",3,438,205,0.47,2s
"Oklahoma City Thunder",11,137,66,0.48,2s
"Oklahoma City Thunder",15,105,38,0.36,2s
"Oklahoma City Thunder",23,339,140,0.41,"2s or3s"
"Oklahoma City Thunder",10,136,64,0.47,2s
"Oklahoma City Thunder",17,59,31,0.53,2s
"Oklahoma City Thunder",44,1,0,0.00,3s
"Oklahoma City Thunder",16,66,25,0.38,2s
"Oklahoma City Thunder",12,109,45,0.41,2s
"Oklahoma City Thunder",9,110,47,0.43,2s
"Oklahoma City Thunder",8,157,60,0.38,2s
"Oklahoma City Thunder",21,27,10,0.37,"2s or3s"
"Oklahoma City Thunder",4,277,100,0.36,2s
"Oklahoma City Thunder",18,50,18,0.36,2s
"Oklahoma City Thunder",5,256,81,0.32,2s
"Oklahoma City Thunder",27,264,86,0.33,3s
"Oklahoma City Thunder",13,131,72,0.55,2s
"Oklahoma City Thunder",70,1,0,0.00,3s
"Oklahoma City Thunder",28,101,24,0.24,3s
"Oklahoma City Thunder",20,47,22,0.47,2s
"Oklahoma City Thunder",30,12,7,0.58,3s
"Oklahoma City Thunder",29,44,14,0.32,3s
"Oklahoma City Thunder",33,1,0,0.00,3s
"Oklahoma City Thunder",48,3,0,0.00,3s
"Oklahoma City Thunder",32,4,2,0.50,3s
"Oklahoma City Thunder",47,2,0,0.00,3s
"Oklahoma City Thunder",36,1,0,0.00,3s
"Oklahoma City Thunder",31,7,2,0.29,3s
"Oklahoma City Thunder",34,2,0,0.00,3s
"Oklahoma City Thunder",52,1,0,0.00,3s
"Oklahoma City Thunder",58,1,0,0.00,3s
"Oklahoma City Thunder",54,1,0,0.00,3s
"Oklahoma City Thunder",45,1,0,0.00,3s
"Oklahoma City Thunder",65,1,0,0.00,3s
"Oklahoma City Thunder",53,1,0,0.00,3s
"Oklahoma City Thunder",35,1,0,0.00,3s
"Toronto Raptors",26,552,187,0.34,3s
"Toronto Raptors",7,205,85,0.41,2s
"Toronto Raptors",18,115,36,0.31,2s
"Toronto Raptors",10,129,43,0.33,2s
"Toronto Raptors",27,224,70,0.31,3s
"Toronto Raptors",20,103,36,0.35,2s
"Toronto Raptors",13,121,53,0.44,2s
"Toronto Raptors",25,720,245,0.34,3s
"Toronto Raptors",2,533,319,0.60,2s
"Toronto Raptors",0,662,492,0.74,2s
"Toronto Raptors",17,134,54,0.40,2s
"Toronto Raptors",23,471,170,0.36,"2s or3s"
"Toronto Raptors",11,140,64,0.46,2s
"Toronto Raptors",31,11,2,0.18,3s
"Toronto Raptors",1,632,464,0.73,2s
"Toronto Raptors",3,371,180,0.49,2s
"Toronto Raptors",5,259,114,0.44,2s
"Toronto Raptors",24,278,112,0.40,3s
"Toronto Raptors",4,264,120,0.45,2s
"Toronto Raptors",12,132,49,0.37,2s
"Toronto Raptors",21,53,19,0.36,"2s or3s"
"Toronto Raptors",28,96,24,0.25,3s
"Toronto Raptors",6,246,104,0.42,2s
"Toronto Raptors",8,168,74,0.44,2s
"Toronto Raptors",9,164,65,0.40,2s
"Toronto Raptors",15,102,44,0.43,2s
"Toronto Raptors",16,108,48,0.44,2s
"Toronto Raptors",19,98,39,0.40,2s
"Toronto Raptors",14,96,39,0.41,2s
"Toronto Raptors",22,191,62,0.32,"2s or3s"
"Toronto Raptors",32,3,1,0.33,3s
"Toronto Raptors",45,1,0,0.00,3s
"Toronto Raptors",57,1,0,0.00,3s
"Toronto Raptors",29,43,12,0.28,3s
"Toronto Raptors",53,1,0,0.00,3s
"Toronto Raptors",55,2,0,0.00,3s
"Toronto Raptors",30,21,5,0.24,3s
"Toronto Raptors",61,1,0,0.00,3s
"Toronto Raptors",34,6,1,0.17,3s
"Toronto Raptors",37,2,0,0.00,3s
"Toronto Raptors",50,3,0,0.00,3s
"Toronto Raptors",38,2,0,0.00,3s
"Toronto Raptors",43,1,0,0.00,3s
"Toronto Raptors",48,1,0,0.00,3s
"Toronto Raptors",36,3,0,0.00,3s
"Toronto Raptors",54,2,0,0.00,3s
"Toronto Raptors",76,1,0,0.00,3s
"Toronto Raptors",39,2,0,0.00,3s
"Toronto Raptors",35,2,1,0.50,3s
"Toronto Raptors",40,1,0,0.00,3s
"Toronto Raptors",51,2,0,0.00,3s
"Toronto Raptors",49,1,0,0.00,3s
"Toronto Raptors",56,3,0,0.00,3s
"Toronto Raptors",33,2,1,0.50,3s
"Toronto Raptors",44,1,0,0.00,3s
"Toronto Raptors",66,1,0,0.00,3s
"Toronto Raptors",69,1,0,0.00,3s
"Toronto Raptors",46,1,0,0.00,3s
"Utah Jazz",27,280,84,0.30,3s
"Utah Jazz",19,37,15,0.41,2s
"Utah Jazz",4,341,175,0.51,2s
"Utah Jazz",22,243,116,0.48,"2s or3s"
"Utah Jazz",9,143,54,0.38,2s
"Utah Jazz",24,510,170,0.33,3s
"Utah Jazz",25,904,308,0.34,3s
"Utah Jazz",23,412,163,0.40,"2s or3s"
"Utah Jazz",10,134,58,0.43,2s
"Utah Jazz",3,549,317,0.58,2s
"Utah Jazz",0,428,311,0.73,2s
"Utah Jazz",2,624,424,0.68,2s
"Utah Jazz",1,447,325,0.73,2s
"Utah Jazz",6,267,115,0.43,2s
"Utah Jazz",29,37,5,0.14,3s
"Utah Jazz",18,32,15,0.47,2s
"Utah Jazz",26,586,222,0.38,3s
"Utah Jazz",21,41,18,0.44,"2s or3s"
"Utah Jazz",5,283,144,0.51,2s
"Utah Jazz",12,96,39,0.41,2s
"Utah Jazz",11,120,58,0.48,2s
"Utah Jazz",8,165,75,0.45,2s
"Utah Jazz",14,63,28,0.44,2s
"Utah Jazz",7,209,95,0.45,2s
"Utah Jazz",20,29,13,0.45,2s
"Utah Jazz",16,47,19,0.40,2s
"Utah Jazz",17,47,22,0.47,2s
"Utah Jazz",13,77,31,0.40,2s
"Utah Jazz",28,92,26,0.28,3s
"Utah Jazz",30,26,5,0.19,3s
"Utah Jazz",15,62,29,0.47,2s
"Utah Jazz",35,1,0,0.00,3s
"Utah Jazz",31,8,4,0.50,3s
"Utah Jazz",32,4,1,0.25,3s
"Utah Jazz",39,1,0,0.00,3s
"Utah Jazz",52,1,0,0.00,3s
"Utah Jazz",44,1,0,0.00,3s
"Utah Jazz",47,2,0,0.00,3s
"Utah Jazz",64,1,0,0.00,3s
"Utah Jazz",56,1,0,0.00,3s
"Utah Jazz",43,3,1,0.33,3s
"Utah Jazz",55,1,0,0.00,3s
"Utah Jazz",57,1,0,0.00,3s
"Utah Jazz",50,1,0,0.00,3s
"Utah Jazz",62,1,0,0.00,3s
"Utah Jazz",80,1,0,0.00,3s
"Utah Jazz",37,1,0,0.00,3s
"Utah Jazz",51,1,0,0.00,3s
"Utah Jazz",48,1,0,0.00,3s
"Utah Jazz",41,1,0,0.00,3s
"Utah Jazz",42,1,0,0.00,3s
"Utah Jazz",45,1,0,0.00,3s
"Memphis Grizzlies",1,748,521,0.70,2s
"Memphis Grizzlies",25,931,321,0.34,3s
"Memphis Grizzlies",11,185,81,0.44,2s
"Memphis Grizzlies",24,448,172,0.38,3s
"Memphis Grizzlies",23,411,160,0.39,"2s or3s"
"Memphis Grizzlies",22,254,92,0.36,"2s or3s"
"Memphis Grizzlies",2,598,353,0.59,2s
"Memphis Grizzlies",4,270,137,0.51,2s
"Memphis Grizzlies",12,153,67,0.44,2s
"Memphis Grizzlies",0,721,548,0.76,2s
"Memphis Grizzlies",10,184,90,0.49,2s
"Memphis Grizzlies",6,223,100,0.45,2s
"Memphis Grizzlies",16,50,22,0.44,2s
"Memphis Grizzlies",7,223,91,0.41,2s
"Memphis Grizzlies",9,184,79,0.43,2s
"Memphis Grizzlies",13,97,49,0.51,2s
"Memphis Grizzlies",5,246,112,0.46,2s
"Memphis Grizzlies",26,471,167,0.35,3s
"Memphis Grizzlies",8,169,71,0.42,2s
"Memphis Grizzlies",3,362,157,0.43,2s
"Memphis Grizzlies",27,167,52,0.31,3s
"Memphis Grizzlies",28,63,17,0.27,3s
"Memphis Grizzlies",15,61,25,0.41,2s
"Memphis Grizzlies",29,23,4,0.17,3s
"Memphis Grizzlies",35,3,1,0.33,3s
"Memphis Grizzlies",20,34,14,0.41,2s
"Memphis Grizzlies",14,75,26,0.35,2s
"Memphis Grizzlies",36,3,2,0.67,3s
"Memphis Grizzlies",30,17,2,0.12,3s
"Memphis Grizzlies",18,35,11,0.31,2s
"Memphis Grizzlies",17,50,17,0.34,2s
"Memphis Grizzlies",32,6,2,0.33,3s
"Memphis Grizzlies",47,1,0,0.00,3s
"Memphis Grizzlies",19,36,9,0.25,2s
"Memphis Grizzlies",21,18,9,0.50,"2s or3s"
"Memphis Grizzlies",33,2,0,0.00,3s
"Memphis Grizzlies",43,4,1,0.25,3s
"Memphis Grizzlies",31,5,1,0.20,3s
"Memphis Grizzlies",34,3,1,0.33,3s
"Memphis Grizzlies",46,1,0,0.00,3s
"Memphis Grizzlies",38,1,0,0.00,3s
"Memphis Grizzlies",40,2,0,0.00,3s
"Memphis Grizzlies",55,1,0,0.00,3s
"Memphis Grizzlies",54,1,0,0.00,3s
"Memphis Grizzlies",48,1,0,0.00,3s
"Memphis Grizzlies",41,1,0,0.00,3s
"Memphis Grizzlies",58,1,0,0.00,3s
"Memphis Grizzlies",79,1,1,1.00,3s
"Memphis Grizzlies",78,1,0,0.00,3s
"Memphis Grizzlies",63,1,0,0.00,3s
"Memphis Grizzlies",44,1,0,0.00,3s
"Memphis Grizzlies",64,1,0,0.00,3s
"Memphis Grizzlies",37,1,0,0.00,3s
"Memphis Grizzlies",45,1,0,0.00,3s
"Memphis Grizzlies",53,1,0,0.00,3s
"Washington Wizards",24,259,108,0.42,3s
"Washington Wizards",26,593,204,0.34,3s
"Washington Wizards",1,505,397,0.79,2s
"Washington Wizards",2,592,431,0.73,2s
"Washington Wizards",25,560,196,0.35,3s
"Washington Wizards",3,465,279,0.60,2s
"Washington Wizards",12,121,58,0.48,2s
"Washington Wizards",0,410,312,0.76,2s
"Washington Wizards",14,133,54,0.41,2s
"Washington Wizards",11,124,57,0.46,2s
"Washington Wizards",27,357,125,0.35,3s
"Washington Wizards",23,346,136,0.39,"2s or3s"
"Washington Wizards",4,303,146,0.48,2s
"Washington Wizards",22,155,53,0.34,"2s or3s"
"Washington Wizards",17,120,55,0.46,2s
"Washington Wizards",13,119,52,0.44,2s
"Washington Wizards",7,181,66,0.36,2s
"Washington Wizards",6,221,92,0.42,2s
"Washington Wizards",28,189,59,0.31,3s
"Washington Wizards",8,152,65,0.43,2s
"Washington Wizards",19,80,33,0.41,2s
"Washington Wizards",15,137,70,0.51,2s
"Washington Wizards",31,11,2,0.18,3s
"Washington Wizards",20,47,17,0.36,2s
"Washington Wizards",21,32,11,0.34,"2s or3s"
"Washington Wizards",5,291,119,0.41,2s
"Washington Wizards",18,101,45,0.45,2s
"Washington Wizards",10,127,59,0.46,2s
"Washington Wizards",16,117,54,0.46,2s
"Washington Wizards",9,126,56,0.44,2s
"Washington Wizards",29,73,28,0.38,3s
"Washington Wizards",30,34,9,0.26,3s
"Washington Wizards",36,5,0,0.00,3s
"Washington Wizards",32,7,2,0.29,3s
"Washington Wizards",51,1,0,0.00,3s
"Washington Wizards",41,3,1,0.33,3s
"Washington Wizards",49,2,0,0.00,3s
"Washington Wizards",35,1,1,1.00,3s
"Washington Wizards",65,1,0,0.00,3s
"Washington Wizards",34,4,1,0.25,3s
"Washington Wizards",38,1,0,0.00,3s
"Washington Wizards",50,1,0,0.00,3s
"Washington Wizards",46,1,0,0.00,3s
"Washington Wizards",33,6,1,0.17,3s
"Washington Wizards",40,1,0,0.00,3s
"Washington Wizards",43,2,1,0.50,3s
"Washington Wizards",54,3,0,0.00,3s
"Washington Wizards",37,1,0,0.00,3s
"Washington Wizards",45,3,0,0.00,3s
"Washington Wizards",53,1,1,1.00,3s
"Washington Wizards",52,1,0,0.00,3s
"Washington Wizards",70,1,0,0.00,3s
"Detroit Pistons",1,539,400,0.74,2s
"Detroit Pistons",2,655,381,0.58,2s
"Detroit Pistons",26,561,192,0.34,3s
"Detroit Pistons",23,481,180,0.37,"2s or3s"
"Detroit Pistons",27,260,85,0.33,3s
"Detroit Pistons",3,417,218,0.52,2s
"Detroit Pistons",4,273,125,0.46,2s
"Detroit Pistons",14,113,48,0.42,2s
"Detroit Pistons",6,223,81,0.36,2s
"Detroit Pistons",25,654,229,0.35,3s
"Detroit Pistons",16,126,56,0.44,2s
"Detroit Pistons",24,354,133,0.38,3s
"Detroit Pistons",8,165,62,0.38,2s
"Detroit Pistons",13,130,61,0.47,2s
"Detroit Pistons",10,138,58,0.42,2s
"Detroit Pistons",5,236,96,0.41,2s
"Detroit Pistons",0,391,288,0.74,2s
"Detroit Pistons",18,96,40,0.42,2s
"Detroit Pistons",17,100,38,0.38,2s
"Detroit Pistons",31,8,4,0.50,3s
"Detroit Pistons",12,153,80,0.52,2s
"Detroit Pistons",22,169,58,0.34,"2s or3s"
"Detroit Pistons",7,165,61,0.37,2s
"Detroit Pistons",11,146,55,0.38,2s
"Detroit Pistons",19,71,32,0.45,2s
"Detroit Pistons",15,118,41,0.35,2s
"Detroit Pistons",30,28,4,0.14,3s
"Detroit Pistons",9,129,52,0.40,2s
"Detroit Pistons",21,39,13,0.33,"2s or3s"
"Detroit Pistons",28,92,34,0.37,3s
"Detroit Pistons",20,43,21,0.49,2s
"Detroit Pistons",32,5,0,0.00,3s
"Detroit Pistons",79,1,0,0.00,3s
"Detroit Pistons",42,2,0,0.00,3s
"Detroit Pistons",57,2,0,0.00,3s
"Detroit Pistons",29,33,16,0.48,3s
"Detroit Pistons",38,2,0,0.00,3s
"Detroit Pistons",33,2,0,0.00,3s
"Detroit Pistons",34,4,2,0.50,3s
"Detroit Pistons",46,1,0,0.00,3s
"Detroit Pistons",56,1,0,0.00,3s
"Detroit Pistons",66,1,0,0.00,3s
"Detroit Pistons",36,1,0,0.00,3s
"Detroit Pistons",68,1,0,0.00,3s
"Detroit Pistons",74,2,0,0.00,3s
"Detroit Pistons",64,1,0,0.00,3s
"Detroit Pistons",40,2,0,0.00,3s
"Detroit Pistons",41,2,0,0.00,3s
"Detroit Pistons",35,1,0,0.00,3s
"Detroit Pistons",70,1,0,0.00,3s
"Detroit Pistons",48,1,0,0.00,3s
"Detroit Pistons",43,1,0,0.00,3s
"Charlotte Hornets",11,119,54,0.45,2s
"Charlotte Hornets",1,831,617,0.74,2s
"Charlotte Hornets",15,76,42,0.55,2s
"Charlotte Hornets",0,668,509,0.76,2s
"Charlotte Hornets",2,626,338,0.54,2s
"Charlotte Hornets",8,148,63,0.43,2s
"Charlotte Hornets",3,357,137,0.38,2s
"Charlotte Hornets",18,76,27,0.36,2s
"Charlotte Hornets",24,277,87,0.31,3s
"Charlotte Hornets",7,200,78,0.39,2s
"Charlotte Hornets",14,80,34,0.43,2s
"Charlotte Hornets",26,578,172,0.30,3s
"Charlotte Hornets",21,34,13,0.38,"2s or3s"
"Charlotte Hornets",25,762,262,0.34,3s
"Charlotte Hornets",4,225,88,0.39,2s
"Charlotte Hornets",23,460,160,0.35,"2s or3s"
"Charlotte Hornets",13,82,38,0.46,2s
"Charlotte Hornets",9,163,63,0.39,2s
"Charlotte Hornets",22,191,72,0.38,"2s or3s"
"Charlotte Hornets",27,184,58,0.32,3s
"Charlotte Hornets",5,232,74,0.32,2s
"Charlotte Hornets",17,86,32,0.37,2s
"Charlotte Hornets",28,99,36,0.36,3s
"Charlotte Hornets",12,112,42,0.38,2s
"Charlotte Hornets",20,47,23,0.49,2s
"Charlotte Hornets",19,59,25,0.42,2s
"Charlotte Hornets",29,48,18,0.38,3s
"Charlotte Hornets",10,172,72,0.42,2s
"Charlotte Hornets",16,105,35,0.33,2s
"Charlotte Hornets",6,221,89,0.40,2s
"Charlotte Hornets",36,1,0,0.00,3s
"Charlotte Hornets",37,3,0,0.00,3s
"Charlotte Hornets",30,37,10,0.27,3s
"Charlotte Hornets",31,29,13,0.45,3s
"Charlotte Hornets",43,1,0,0.00,3s
"Charlotte Hornets",59,2,0,0.00,3s
"Charlotte Hornets",32,9,3,0.33,3s
"Charlotte Hornets",62,1,0,0.00,3s
"Charlotte Hornets",55,1,0,0.00,3s
"Charlotte Hornets",47,3,0,0.00,3s
"Charlotte Hornets",33,3,1,0.33,3s
"Charlotte Hornets",38,1,0,0.00,3s
"Charlotte Hornets",34,1,0,0.00,3s
"Charlotte Hornets",54,1,0,0.00,3s
"Charlotte Hornets",41,1,0,0.00,3s
"Charlotte Hornets",52,1,0,0.00,3s
